pm_image_filename,label,unused,duplicate,jar_id,sex
20191229_120148.jpg,T-7 IF/UM,,,TF7,m
20200102_111008.jpg,T-1 IM/UF male,,,TM1,m
20200102_112130.jpg,C-7 female,,,C7,f
20200102_112827.jpg,C-7 male,,,C7,m
20200108_101434.jpg,T-13 IF/UM,,,TF13,f
20200108_102337.jpg,T-10 IM/UF,,,TM10,m
20200108_103227.jpg,T-9 IM/UF,,,TM8,f
20200110_101923.jpg,C-23 F/M female,1,,,
20200110_102927.jpg,C-36 F/M female,1,,,
20200110_104855.jpg,C-29 F/M female,1,,,
20200114_103442_001.jpg,C-16 M/F female,1,,C16,f
20200114_103442_002.jpg,C-16 M/F female,1,1,,
20200114_103442_003.jpg,C-16 M/F female,1,1,,
20200114_103442_004.jpg,C-16 M/F female,1,1,,
20200114_103442_005.jpg,C-16 M/F female,1,1,,
20200114_103442_006.jpg,C-16 M/F female,1,1,,
20200114_103442_007.jpg,C-16 M/F female,1,1,,
20200114_103448.jpg,C-16 M/F female,1,1,,
20200114_104047.jpg,T-14 IM/UF female,,,TM14,f
20200114_104530.jpg,T-3 IF/UM male,,,TF3,m
20200114_105113.jpg,T-11 IM/UF male,,,TM11,m
20200114_105656.jpg,T-10 IM/UF female,,,TM10,f
20200116_110145_001.jpg,C-1 male,,,C1,m
20200116_110145_002.jpg,C-1 male,,1,,
20200116_110145_003.jpg,C-1 male,,1,,
20200116_110145_004.jpg,C-1 male,,1,,
20200116_110147.jpg,C-1 male,,1,,
20200116_110642.jpg,C-6 female,,,C6,f
20200116_110644.jpg,C-6 female,,1,,
20200116_111311.jpg,T-5 IF/UM male,,,TF5,m
20200116_111314.jpg,T-5 IF/UM male,,1,,
20200116_112000.jpg,T-6 IF/UM female,,,TF6,f
20200119_115644.jpg,T-8 IM/UF male,,,TM8,m
20200119_120121.jpg,T-15 IM/UF female,,,TM15,f
20200119_120918.jpg,C-32 M/F male,1,,,
20200119_121343.jpg,C-3 male,,,C3,m
20200119_121825.jpg,C-10 female,,,C10,f
20200119_122428.jpg,T-12 IM/UF male,,,TM12,m
20200119_122916.jpg,T-3 IM/UF male,,,TM3,m
20200119_123529.jpg,T-10 IF/UM female,,,TF10,f
20200119_124629.jpg,T-5 IM/UF female,,,TM5,f
20200121_110949.jpg,C-23 F/M male,1,,,
20200121_111727.jpg,T-6 IF/UM male,,,TF6,m
20200121_112302.jpg,C-4 male,,,C4,m
20200121_113027.jpg,C-12 female,,,C12,f
20200121_113830.jpg,C-17 M/F female,1,,C17,f
20200123_162045.jpg,C-24 female,1,,,
20200123_162552.jpg,C-18 male,1,,,
20200123_163222_001.jpg,C-8 female,,1,,
20200123_163225.jpg,C-8 female,,,C8,f
20200123_163747.jpg,C-8 male,,,C8,m
20200125_121834.jpg,C-9 female,,,C9,f
20200125_122409.jpg,C-11 male,,,C11,m
20200125_123046.jpg,T-6 IM/UF female,,,TM,f
20200127_143220.jpg,C-41 IM/UF female,1,,,
20200127_143659.jpg,C-17 IM/UF male,1,,C17,m
20200127_144326.jpg,T-7 IF/UM female ,,,TF7,f
20200127_145031.jpg,C-34 IM/UF female,1,,,
20200127_145553.jpg,T-4 IF/UM female,,,TF4,f
20200127_150141.jpg,T-2 IM/UF female,,,TM2,f
20200127_151015.jpg,T-2 IF/UM female,,,TF2,f
20200129_143353.jpg,C-5 male,,,C5,f
20200129_144406.jpg,C-19 female,1,,,
20200129_144838.jpg,C-28 male,1,,,
20200129_145244.jpg,C-2 male,,,C2,m
20200129_151721.jpg,C-1 female,,,C1,f
20200129_152331_001.jpg,T-13 IM/UF male,,1,,
20200129_152331_002.jpg,T-13 IM/UF male,,1,,
20200129_152331_003.jpg,T-13 IM/UF male,,1,,
20200129_152331_004.jpg,T-13 IM/UF male,,1,,
20200129_152331_005.jpg,T-13 IM/UF male,,1,,
20200129_152331_006.jpg,T-13 IM/UF male,,1,,
20200129_152331_007.jpg,T-13 IM/UF male,,1,,
20200129_152331_008.jpg,T-13 IM/UF male,,1,,
20200129_152333.jpg,T-13 IM/UF male,,,TM13,m
20200129_152948.jpg,T-11 IM/UF female,,,TM11,f
20200129_153605.jpg,T-15 IF/UM female,,,TF15,f
20200129_153950.jpg,T-15 IF/UM male,,,TF15,m
20200129_154608.jpg,T-14 IM/UF male,,,TM14,m
20200129_155316.jpg,T-6 IM/UF male,,1,,
20200129_160042.jpg,T-7 IM/UF female,,1,,
20200129_161110_001.jpg,C-3 female,,1,,
20200129_161110_002.jpg,C-3 female,,1,,
20200129_161111.jpg,C-3 female,,,C3,f
20200129_161559.jpg,unknown male ,1,,,m
20200129_161602.jpg,unknown male,1,,,m
20200131_113359.jpg,C-4 female,,,C4,f
20200131_113916.jpg,C-37 F/M male,1,,,
20200131_114630.jpg,C-19 M/F male,1,,,
20200131_115043.jpg,C-42 M/F female,1,,,
20200131_115718.jpg,T-4 IM/UF male,,,TM4,m
20200203_112242.jpg,C-33 M/F male,1,,,
20200203_112811.jpg,C-22 F/M female,1,,,
20200203_113323.jpg,C-16 M/F male,1,,C16,m
20200203_113806.jpg,T-13 IM/UF female,,,TM13,f
20200203_114327.jpg,T-2 IF/UM male,,,TF2,m
20200203_115038.jpg,T-13 IM/UF male,1,,TM13,m
20200206_110754.jpg,C-20 M/F male,1,,,
20200206_111504.jpg,C-45 M/F female,1,,,
20200206_112057.jpg,C-18 M/F female,1,,,
20200206_112729.jpg,C-29 F/M male,1,,,
20200206_113320.jpg,T-3 IM/UF female,,,TM3,f
20200206_113817.jpg,T-3 IF/UM female,,,TF3,f
20200206_114535.jpg,T-8 IM/UF male,1,,TM8,m
20200210_143713.jpg,C-25 F/M male,1,,,
20200210_145205.jpg,C-2 female,,,C2,f
20200210_145811.jpg,C-14 female,,,C14,f
20200210_150250.jpg,C-24 F/M male,1,,,
20200210_150730.jpg,C-6 male,,,C6,m
20200210_151339.jpg,C-11 female ,,,C11,f
20200210_151921.jpg,C-13 male ,,,C13,m
20200210_152419.jpg,C-13 female ,,,C13,f
20200210_162212.jpg,C-25 female,1,,,
20200211_094319.jpg,C-34 M/F male,1,,,
20200211_095030_001.jpg,C-12 male,,1,,
20200211_095030_008.jpg,C-12 male,,1,,
20200211_095030_009.jpg,C-12 male,,1,,
20200211_095032.jpg,C-12 male,,,C12,m
20200211_095701_001.jpg,C-32 M/F female,1,1,,
20200211_095702_008.jpg,C-32 M/F female,1,1,,
20200211_095702_009.jpg,C-32 M/F female,1,1,,
20200211_095702_016.jpg,C-32 M/F female,1,1,,
20200211_095702_017.jpg,C-32 M/F female,1,1,,
20200211_095702_020.jpg,C-32 M/F female,1,1,,
20200211_095704.jpg,C-32 M/F female,1,,,
20200211_100522.jpg,C-40 F/M male,1,,,
20200211_100902.jpg,C-40 F/M female,1,,,
20200211_101525.jpg,C-37 F/M female,1,,,
20200211_102015.jpg,C-27 F/M male,1,,,
20200211_102538.jpg,C-36 F/M male,1,,,
20200211_103445.jpg,C-31 M/F male,1,,,
20200211_103834.jpg,C-31 M/F female,1,,,
20200211_114845_001.jpg,T-2 IM/UF male,,,TM2,m
20200211_114845_002.jpg,T-2 IM/UF male,,1,,
20200211_114845_003.jpg,T-2 IM/UF male,,1,,
